{"cameraMode":{"drawMode":0,"name":"Shaded","section":"Shading Mode"},"sceneLighting":false,"audioPlay":false,"sceneViewState":{"showFog":true,"showMaterialUpdate":false,"showSkybox":false,"showFlares":true,"showImageEffects":true,"showParticleSystems":true},"in2DMode":false,"pivot":{"x":-7.329999923706055,"y":0.7399998903274536,"z":-0.07648736238479614},"rotation":{"x":0.18102887272834779,"y":0.14984950423240663,"z":-0.027905821800231935,"w":0.9716339707374573},"size":1.8352705240249634,"orthographic":false}