{"cameraMode":{"drawMode":0,"name":"Shaded","section":"Shading Mode"},"sceneLighting":false,"audioPlay":false,"sceneViewState":{"showFog":true,"showMaterialUpdate":false,"showSkybox":false,"showFlares":true,"showImageEffects":true,"showParticleSystems":true},"in2DMode":false,"pivot":{"x":5.0,"y":2.0312819480895998,"z":-0.000014871358871459961},"rotation":{"x":-0.005670527927577496,"y":0.08005010336637497,"z":0.0004765964695252478,"w":0.996840238571167},"size":3.226593255996704,"orthographic":false}