{"cameraMode":{"drawMode":0,"name":"Shaded","section":"Shading Mode"},"sceneLighting":false,"audioPlay":false,"sceneViewState":{"showFog":true,"showMaterialUpdate":false,"showSkybox":false,"showFlares":true,"showImageEffects":true,"showParticleSystems":true},"in2DMode":false,"pivot":{"x":1.2300000190734864,"y":4.8954057693481449,"z":0.0},"rotation":{"x":0.001512499526143074,"y":0.07257513701915741,"z":-0.00002061694613075815,"w":0.9974348545074463},"size":2.0675973892211916,"orthographic":false}