{"cameraMode":{"drawMode":0,"name":"Shaded","section":"Shading Mode"},"sceneLighting":true,"audioPlay":false,"sceneViewState":{"showFog":true,"showMaterialUpdate":false,"showSkybox":true,"showFlares":true,"showImageEffects":true,"showParticleSystems":true},"in2DMode":false,"pivot":{"x":-102.65020751953125,"y":89.33228302001953,"z":-0.15297472476959229},"rotation":{"x":-0.01379756536334753,"y":-0.036005858331918719,"z":0.00030804553534835577,"w":-0.99931800365448},"size":339.3037414550781,"orthographic":false}