{"cameraMode":{"drawMode":0,"name":"Shaded","section":"Shading Mode"},"sceneLighting":false,"audioPlay":false,"sceneViewState":{"showFog":true,"showMaterialUpdate":false,"showSkybox":false,"showFlares":true,"showImageEffects":true,"showParticleSystems":true},"in2DMode":false,"pivot":{"x":5.650000095367432,"y":0.8849999904632568,"z":0.0},"rotation":{"x":0.0227980837225914,"y":-0.011408211663365364,"z":-0.00019434443674981594,"w":-0.999707818031311},"size":0.9775606989860535,"orthographic":false}