{"cameraMode":{"drawMode":0,"name":"Shaded","section":"Shading Mode"},"sceneLighting":false,"audioPlay":false,"sceneViewState":{"showFog":true,"showMaterialUpdate":false,"showSkybox":false,"showFlares":true,"showImageEffects":true,"showParticleSystems":true},"in2DMode":false,"pivot":{"x":-6.670000076293945,"y":4.119999885559082,"z":0.0},"rotation":{"x":0.03818054869771004,"y":-0.5146689414978027,"z":0.023810185492038728,"w":0.8564043641090393},"size":1.4684219360351563,"orthographic":false}