{"cameraMode":{"drawMode":0,"name":"Shaded","section":"Shading Mode"},"sceneLighting":false,"audioPlay":false,"sceneViewState":{"showFog":true,"showMaterialUpdate":false,"showSkybox":false,"showFlares":true,"showImageEffects":true,"showParticleSystems":true},"in2DMode":false,"pivot":{"x":10.229999542236329,"y":3.7200000286102297,"z":0.0},"rotation":{"x":0.13587191700935365,"y":-0.27462559938430788,"z":0.03924277052283287,"w":0.9511039853096008},"size":0.8291590809822083,"orthographic":false}