{"cameraMode":{"drawMode":0,"name":"Shaded","section":"Shading Mode"},"sceneLighting":true,"audioPlay":false,"sceneViewState":{"showFog":true,"showMaterialUpdate":false,"showSkybox":true,"showFlares":true,"showImageEffects":true,"showParticleSystems":true},"in2DMode":false,"pivot":{"x":-3.712665557861328,"y":1.6674613952636719,"z":-5.023800849914551},"rotation":{"x":0.025169558823108674,"y":0.06776745617389679,"z":-0.0012838945258408785,"w":0.9975149035453796},"size":7.2032575607299809,"orthographic":false}