{"cameraMode":{"drawMode":0,"name":"Shaded","section":"Shading Mode"},"sceneLighting":false,"audioPlay":false,"sceneViewState":{"showFog":true,"showMaterialUpdate":false,"showSkybox":false,"showFlares":true,"showImageEffects":true,"showParticleSystems":true},"in2DMode":false,"pivot":{"x":1.2300000190734864,"y":4.8954057693481449,"z":0.0},"rotation":{"x":0.24428285658359528,"y":0.36729443073272707,"z":-0.10052204877138138,"w":0.891884982585907},"size":0.8675975799560547,"orthographic":false}