{"cameraMode":{"drawMode":0,"name":"Shaded","section":"Shading Mode"},"sceneLighting":false,"audioPlay":false,"sceneViewState":{"showFog":true,"showMaterialUpdate":false,"showSkybox":false,"showFlares":true,"showImageEffects":true,"showParticleSystems":true},"in2DMode":false,"pivot":{"x":0.0010718703269958497,"y":2.023671865463257,"z":0.013045936822891236},"rotation":{"x":0.24428285658359528,"y":0.36729443073272707,"z":-0.10052204877138138,"w":0.891884982585907},"size":0.8764281868934631,"orthographic":false}