{"cameraMode":{"drawMode":0,"name":"Shaded","section":"Shading Mode"},"sceneLighting":false,"audioPlay":false,"sceneViewState":{"showFog":true,"showMaterialUpdate":false,"showSkybox":false,"showFlares":true,"showImageEffects":true,"showParticleSystems":true},"in2DMode":false,"pivot":{"x":0.0,"y":1.2780654430389405,"z":-0.0520704984664917},"rotation":{"x":-0.08883684873580933,"y":0.15208381414413453,"z":-0.013663948513567448,"w":-0.9843060374259949},"size":1.7158278226852418,"orthographic":false}