{"cameraMode":{"drawMode":0,"name":"Shaded","section":"Shading Mode"},"sceneLighting":true,"audioPlay":false,"sceneViewState":{"showFog":true,"showMaterialUpdate":false,"showSkybox":true,"showFlares":true,"showImageEffects":true,"showParticleSystems":true},"in2DMode":false,"pivot":{"x":-97.55020904541016,"y":2.512281656265259,"z":15.64616584777832},"rotation":{"x":-0.038800518959760669,"y":-0.1989179104566574,"z":0.007868113927543164,"w":-0.9792367815971375},"size":25.877084732055665,"orthographic":false}