{"cameraMode":{"drawMode":0,"name":"Shaded","section":"Shading Mode"},"sceneLighting":false,"audioPlay":false,"sceneViewState":{"showFog":true,"showMaterialUpdate":false,"showSkybox":false,"showFlares":true,"showImageEffects":true,"showParticleSystems":true},"in2DMode":false,"pivot":{"x":-13.202616691589356,"y":4.268327713012695,"z":-0.028792262077331544},"rotation":{"x":-0.081467404961586,"y":-0.22321221232414246,"z":0.018785743042826654,"w":-0.9712144732475281},"size":2.4032318592071535,"orthographic":false}