{"cameraMode":{"drawMode":0,"name":"Shaded","section":"Shading Mode"},"sceneLighting":false,"audioPlay":false,"sceneViewState":{"showFog":true,"showMaterialUpdate":false,"showSkybox":false,"showFlares":true,"showImageEffects":true,"showParticleSystems":true},"in2DMode":false,"pivot":{"x":-99.42327117919922,"y":54.59648132324219,"z":-6.711982727050781},"rotation":{"x":-0.13538531959056855,"y":-0.039551205933094028,"z":0.005277631804347038,"w":-0.9900404214859009},"size":10.0,"orthographic":false}