{"cameraMode":{"drawMode":0,"name":"Shaded","section":"Shading Mode"},"sceneLighting":true,"audioPlay":false,"sceneViewState":{"showFog":true,"showMaterialUpdate":false,"showSkybox":true,"showFlares":true,"showImageEffects":true,"showParticleSystems":true},"in2DMode":false,"pivot":{"x":-13.202616691589356,"y":4.268327713012695,"z":-0.028792262077331544},"rotation":{"x":0.18102887272834779,"y":0.14984950423240663,"z":-0.027905821800231935,"w":0.9716339707374573},"size":3.60323166847229,"orthographic":false}