{"cameraMode":{"drawMode":0,"name":"Shaded","section":"Shading Mode"},"sceneLighting":false,"audioPlay":false,"sceneViewState":{"showFog":true,"showMaterialUpdate":false,"showSkybox":false,"showFlares":true,"showImageEffects":true,"showParticleSystems":true},"in2DMode":false,"pivot":{"x":2.5799999237060549,"y":4.872323989868164,"z":0.0},"rotation":{"x":-0.06742747128009796,"y":0.0848701000213623,"z":0.006770407781004906,"w":0.9942457675933838},"size":2.7826318740844728,"orthographic":false}