{"cameraMode":{"drawMode":0,"name":"Shaded","section":"Shading Mode"},"sceneLighting":false,"audioPlay":false,"sceneViewState":{"showFog":true,"showMaterialUpdate":false,"showSkybox":false,"showFlares":true,"showImageEffects":true,"showParticleSystems":true},"in2DMode":false,"pivot":{"x":-2.0,"y":1.2278132438659669,"z":-0.11101821064949036},"rotation":{"x":0.03189193084836006,"y":0.3605000376701355,"z":-0.012335206381976605,"w":0.9321711659431458},"size":5.667232990264893,"orthographic":false}