{"cameraMode":{"drawMode":0,"name":"Shaded","section":"Shading Mode"},"sceneLighting":false,"audioPlay":false,"sceneViewState":{"showFog":true,"showMaterialUpdate":false,"showSkybox":false,"showFlares":true,"showImageEffects":true,"showParticleSystems":true},"in2DMode":false,"pivot":{"x":0.0009828805923461915,"y":-1.9800000190734864,"z":2.9802322387695315e-8},"rotation":{"x":0.24428285658359528,"y":0.36729443073272707,"z":-0.10052204877138138,"w":0.891884982585907},"size":3.925424814224243,"orthographic":false}