{"cameraMode":{"drawMode":0,"name":"Shaded","section":"Shading Mode"},"sceneLighting":true,"audioPlay":false,"sceneViewState":{"showFog":true,"showMaterialUpdate":false,"showSkybox":true,"showFlares":true,"showImageEffects":true,"showParticleSystems":true},"in2DMode":false,"pivot":{"x":12.850000381469727,"y":2.990000009536743,"z":0.0},"rotation":{"x":0.02758467011153698,"y":-0.013498648069798947,"z":-0.0003691644815262407,"w":-0.9995379447937012},"size":3.5660250186920168,"orthographic":false}