{"cameraMode":{"drawMode":0,"name":"Shaded","section":"Shading Mode"},"sceneLighting":false,"audioPlay":false,"sceneViewState":{"showFog":true,"showMaterialUpdate":false,"showSkybox":false,"showFlares":true,"showImageEffects":true,"showParticleSystems":true},"in2DMode":false,"pivot":{"x":0.0,"y":1.2732257843017579,"z":-0.09178227186203003},"rotation":{"x":-0.0855238139629364,"y":-0.10563410073518753,"z":0.009016345255076886,"w":-0.9907376766204834},"size":1.7005295753479005,"orthographic":false}